Time,Search Engine,Rank1,Rank2,Rank3,Rank4,Rank5,Rank6,Rank7,Rank8,Rank9,Rank10
2019-11-18 17:20,Google,병무청,뉴발란스,임종석,나이스지키미 신용등급계산기,유산슬,야구 한일전,김세연,SBS,여우티 9900원,설리
2019-11-18 17:20,Naver,나이스지키미 신용등급계산기,정준,김유지,200억 발패치 힐링패치,크리니크 프렌즈치크팝,커먼유니크5억아울렛,나이스지키미,뉴발란스 블랙프라이데이,정준 김유지,나이스지키미 신용등급
2019-11-18 17:20,Daum,김유지,정준,유산슬,고유정,연애의 맛,이시아,한다감,1박 2일 시즌4,을지대학교,홍콩
2019-11-18 17:21,Google,병무청,뉴발란스,임종석,나이스지키미 신용등급계산기,유산슬,야구 한일전,김세연,SBS,여우티 9900원,설리
2019-11-18 17:21,Naver,나이스지키미 신용등급계산기,정준,김유지,200억 발패치 힐링패치,크리니크 프렌즈치크팝,커먼유니크5억아울렛,나이스지키미,정준 김유지,뉴발란스 블랙프라이데이,나이스지키미 신용등급
2019-11-18 17:21,Daum,김유지,정준,유산슬,고유정,연애의 맛,이시아,1박 2일 시즌4,을지대학교,한다감,홍콩
2019-11-18 17:22,Google,병무청,뉴발란스,임종석,나이스지키미 신용등급계산기,유산슬,야구 한일전,김세연,SBS,여우티 9900원,설리
2019-11-18 17:22,Naver,나이스지키미 신용등급계산기,정준,김유지,200억 발패치 힐링패치,크리니크 프렌즈치크팝,커먼유니크5억아울렛,나이스지키미,정준 김유지,뉴발란스 블랙프라이데이,나이스지키미 신용등급
2019-11-18 17:22,Daum,김유지,정준,유산슬,고유정,연애의 맛,이시아,한다감,1박 2일 시즌4,홍콩,을지대학교
2019-11-18 17:23,Google,병무청,뉴발란스,임종석,나이스지키미 신용등급계산기,유산슬,야구 한일전,김세연,SBS,여우티 9900원,설리
2019-11-18 17:23,Naver,나이스지키미 신용등급계산기,정준,김유지,200억 발패치 힐링패치,크리니크 프렌즈치크팝,커먼유니크5억아울렛,나이스지키미,크리니크 치크팝,정준 김유지,뉴발란스 블랙프라이데이
2019-11-18 17:23,Daum,김유지,정준,유산슬,고유정,연애의 맛,이시아,한다감,1박 2일 시즌4,홍콩,을지대학교
2019-11-18 17:24,Google,병무청,뉴발란스,임종석,나이스지키미 신용등급계산기,유산슬,야구 한일전,김세연,SBS,여우티 9900원,설리
2019-11-18 17:24,Naver,나이스지키미 신용등급계산기,정준,김유지,200억 발패치 힐링패치,크리니크 프렌즈치크팝,크리니크 치크팝,커먼유니크5억아울렛,나이스지키미,정준 김유지,뉴발란스 블랙프라이데이
2019-11-18 17:24,Daum,김유지,정준,유산슬,고유정,연애의 맛,이시아,한다감,1박 2일 시즌4,을지대학교,홍콩
2019-11-18 17:25,Google,병무청,뉴발란스,임종석,나이스지키미 신용등급계산기,유산슬,야구 한일전,김세연,SBS,여우티 9900원,설리
2019-11-18 17:25,Naver,나이스지키미 신용등급계산기,정준,김유지,크리니크 프렌즈치크팝,200억 발패치 힐링패치,크리니크 치크팝,커먼유니크5억아울렛,나이스지키미,정준 김유지,뉴발란스 블랙프라이데이
2019-11-18 17:25,Daum,김유지,정준,유산슬,고유정,연애의 맛,1박 2일 시즌4,이시아,한다감,을지대학교,홍콩
2019-11-18 17:26,Google,병무청,뉴발란스,임종석,나이스지키미 신용등급계산기,유산슬,야구 한일전,김세연,SBS,여우티 9900원,설리
2019-11-18 17:26,Naver,나이스지키미 신용등급계산기,정준,김유지,크리니크 프렌즈치크팝,200억 발패치 힐링패치,크리니크 치크팝,커먼유니크5억아울렛,나이스지키미,정준 김유지,뉴발란스 블랙프라이데이
2019-11-18 17:26,Daum,김유지,정준,유산슬,고유정,연애의 맛,이시아,1박 2일 시즌4,한다감,을지대학교,홍콩
2019-11-18 17:27,Google,병무청,뉴발란스,임종석,나이스지키미 신용등급계산기,유산슬,야구 한일전,김세연,SBS,여우티 9900원,설리
2019-11-18 17:27,Naver,나이스지키미 신용등급계산기,정준,김유지,크리니크 프렌즈치크팝,200억 발패치 힐링패치,크리니크 치크팝,커먼유니크5억아울렛,나이스지키미,정준 김유지,뉴발란스 블랙프라이데이
2019-11-18 17:27,Daum,김유지,정준,유산슬,고유정,이시아,연애의 맛,1박 2일 시즌4,한다감,을지대학교,홍콩
2019-11-18 17:28,Google,병무청,뉴발란스,임종석,나이스지키미 신용등급계산기,유산슬,야구 한일전,김세연,SBS,여우티 9900원,설리
2019-11-18 17:28,Naver,나이스지키미 신용등급계산기,정준,김유지,크리니크 프렌즈치크팝,200억 발패치 힐링패치,크리니크 치크팝,커먼유니크5억아울렛,나이스지키미,정준 김유지,뉴발란스 블랙프라이데이
2019-11-18 17:28,Daum,김유지,정준,유산슬,고유정,이시아,연애의 맛,1박 2일 시즌4,한다감,을지대학교,홍콩
2019-11-18 17:29,Google,병무청,뉴발란스,임종석,나이스지키미 신용등급계산기,유산슬,야구 한일전,김세연,SBS,여우티 9900원,설리
2019-11-18 17:29,Naver,나이스지키미 신용등급계산기,정준,김유지,크리니크 프렌즈치크팝,200억 발패치 힐링패치,크리니크 치크팝,커먼유니크5억아울렛,나이스지키미,정준 김유지,뉴발란스 블랙프라이데이
2019-11-18 17:29,Daum,김유지,정준,유산슬,고유정,이시아,연애의 맛,1박 2일 시즌4,한다감,을지대학교,홍콩
2019-11-18 17:30,Google,병무청,뉴발란스,임종석,나이스지키미 신용등급계산기,유산슬,야구 한일전,김세연,SBS,여우티 9900원,설리
2019-11-18 17:30,Naver,나이스지키미 신용등급계산기,정준,김유지,크리니크 프렌즈치크팝,200억 발패치 힐링패치,크리니크 치크팝,커먼유니크5억아울렛,나이스지키미,정준 김유지,뉴발란스 블랙프라이데이
2019-11-18 17:30,Daum,김유지,정준,유산슬,고유정,이시아,연애의 맛,1박 2일 시즌4,홍콩,한다감,을지대학교
2019-11-18 17:31,Google,병무청,뉴발란스,임종석,나이스지키미 신용등급계산기,유산슬,야구 한일전,김세연,SBS,여우티 9900원,설리
2019-11-18 17:31,Naver,나이스지키미 신용등급계산기,정준,크리니크 프렌즈치크팝,김유지,200억 발패치 힐링패치,크리니크 치크팝,커먼유니크5억아울렛,나이스지키미,정준 김유지,뉴발란스 블랙프라이데이
2019-11-18 17:31,Daum,김유지,정준,유산슬,고유정,이시아,연애의 맛,한다감,1박 2일 시즌4,을지대학교,홍콩
2019-11-18 17:32,Google,병무청,뉴발란스,임종석,나이스지키미 신용등급계산기,유산슬,야구 한일전,김세연,SBS,여우티 9900원,설리
2019-11-18 17:32,Naver,나이스지키미 신용등급계산기,정준,크리니크 프렌즈치크팝,김유지,200억 발패치 힐링패치,크리니크 치크팝,커먼유니크5억아울렛,나이스지키미,정준 김유지,뉴발란스 블랙프라이데이
2019-11-18 17:32,Daum,김유지,정준,유산슬,유시민,연애의 맛,고유정,이시아,1박 2일 시즌4,한다감,을지대학교
2019-11-18 17:33,Google,병무청,뉴발란스,임종석,나이스지키미 신용등급계산기,유산슬,야구 한일전,김세연,SBS,여우티 9900원,설리
2019-11-18 17:33,Naver,나이스지키미 신용등급계산기,정준,크리니크 프렌즈치크팝,김유지,200억 발패치 힐링패치,크리니크 치크팝,커먼유니크5억아울렛,나이스지키미,정준 김유지,뉴발란스 블랙프라이데이
2019-11-18 17:33,Daum,김유지,정준,유산슬,유시민,연애의 맛,이시아,고유정,1박 2일 시즌4,한다감,을지대학교
2019-11-18 17:34,Google,병무청,뉴발란스,임종석,나이스지키미 신용등급계산기,유산슬,야구 한일전,김세연,SBS,여우티 9900원,설리
2019-11-18 17:34,Naver,나이스지키미 신용등급계산기,정준,크리니크 프렌즈치크팝,김유지,200억 발패치 힐링패치,크리니크 치크팝,커먼유니크5억아울렛,나이스지키미,정준 김유지,뉴발란스 블랙프라이데이
2019-11-18 17:34,Daum,김유지,정준,유산슬,유시민,연애의 맛,이시아,고유정,한다감,1박 2일 시즌4,을지대학교
2019-11-18 17:35,Google,병무청,뉴발란스,임종석,나이스지키미 신용등급계산기,유산슬,야구 한일전,김세연,SBS,여우티 9900원,설리
2019-11-18 17:35,Naver,나이스지키미 신용등급계산기,크리니크 프렌즈치크팝,정준,김유지,크리니크 치크팝,200억 발패치 힐링패치,커먼유니크5억아울렛,나이스지키미,정준 김유지,뉴발란스 블랙프라이데이
2019-11-18 17:35,Daum,김유지,정준,유산슬,유시민,연애의 맛,고유정,이시아,한다감,1박 2일 시즌4,을지대학교
2019-11-18 17:36,Google,병무청,뉴발란스,임종석,나이스지키미 신용등급계산기,유산슬,야구 한일전,김세연,SBS,여우티 9900원,설리
2019-11-18 17:36,Naver,나이스지키미 신용등급계산기,크리니크 프렌즈치크팝,정준,김유지,크리니크 치크팝,200억 발패치 힐링패치,커먼유니크5억아울렛,나이스지키미,정준 김유지,뉴발란스 블랙프라이데이
2019-11-18 17:36,Daum,김유지,정준,유산슬,유시민,연애의 맛,고유정,이시아,1박 2일 시즌4,을지대학교,한다감
2019-11-18 17:37,Google,병무청,뉴발란스,임종석,나이스지키미 신용등급계산기,유산슬,야구 한일전,김세연,SBS,여우티 9900원,설리
2019-11-18 17:37,Naver,나이스지키미 신용등급계산기,크리니크 프렌즈치크팝,정준,김유지,크리니크 치크팝,200억 발패치 힐링패치,나이스지키미,커먼유니크5억아울렛,정준 김유지,뉴발란스 블랙프라이데이
2019-11-18 17:37,Daum,김유지,정준,유산슬,고유정,유시민,이시아,연애의 맛,한다감,1박 2일 시즌4,홍콩
2019-11-18 17:38,Google,병무청,뉴발란스,임종석,나이스지키미 신용등급계산기,유산슬,야구 한일전,김세연,SBS,여우티 9900원,설리
2019-11-18 17:38,Naver,나이스지키미 신용등급계산기,크리니크 프렌즈치크팝,정준,김유지,크리니크 치크팝,200억 발패치 힐링패치,나이스지키미,커먼유니크5억아울렛,정준 김유지,뉴발란스 블랙프라이데이
2019-11-18 17:38,Daum,김유지,정준,유산슬,고유정,유시민,연애의 맛,이시아,한다감,1박 2일 시즌4,홍콩
2019-11-18 17:39,Google,병무청,뉴발란스,임종석,나이스지키미 신용등급계산기,유산슬,야구 한일전,김세연,SBS,여우티 9900원,설리
2019-11-18 17:39,Naver,나이스지키미 신용등급계산기,크리니크 프렌즈치크팝,정준,김유지,크리니크 치크팝,200억 발패치 힐링패치,나이스지키미,커먼유니크5억아울렛,정준 김유지,뉴발란스 블랙프라이데이
2019-11-18 17:39,Daum,김유지,정준,유산슬,고유정,유시민,연애의 맛,이시아,한다감,1박 2일 시즌4,홍콩
2019-11-18 17:40,Google,병무청,뉴발란스,임종석,나이스지키미 신용등급계산기,유산슬,야구 한일전,김세연,SBS,여우티 9900원,설리
2019-11-18 17:40,Naver,나이스지키미 신용등급계산기,크리니크 프렌즈치크팝,정준,김유지,크리니크 치크팝,200억 발패치 힐링패치,나이스지키미,커먼유니크5억아울렛,정준 김유지,뉴발란스 블랙프라이데이
2019-11-18 17:40,Daum,김유지,정준,유산슬,고유정,유시민,이시아,연애의 맛,한다감,1박 2일 시즌4,홍콩
2019-11-18 17:41,Google,병무청,뉴발란스,임종석,나이스지키미 신용등급계산기,유산슬,야구 한일전,김세연,SBS,여우티 9900원,설리
2019-11-18 17:41,Naver,나이스지키미 신용등급계산기,크리니크 프렌즈치크팝,정준,김유지,크리니크 치크팝,200억 발패치 힐링패치,나이스지키미,커먼유니크5억아울렛,정준 김유지,뉴발란스 블랙프라이데이
2019-11-18 17:41,Daum,김유지,정준,유산슬,고유정,유시민,이시아,연애의 맛,1박 2일 시즌4,홍콩,한다감
2019-11-18 17:42,Google,병무청,뉴발란스,임종석,나이스지키미 신용등급계산기,유산슬,야구 한일전,김세연,SBS,여우티 9900원,설리
2019-11-18 17:42,Naver,크리니크 프렌즈치크팝,나이스지키미 신용등급계산기,정준,김유지,크리니크 치크팝,200억 발패치 힐링패치,나이스지키미,커먼유니크5억아울렛,정준 김유지,뉴발란스 블랙프라이데이
2019-11-18 17:42,Daum,김유지,정준,유산슬,고유정,한다감,이시아,연애의 맛,을지대학교,마흔 파이브,1박 2일 시즌4
2019-11-18 17:43,Google,병무청,뉴발란스,임종석,나이스지키미 신용등급계산기,유산슬,야구 한일전,김세연,SBS,여우티 9900원,설리
2019-11-18 17:43,Naver,크리니크 프렌즈치크팝,나이스지키미 신용등급계산기,정준,김유지,크리니크 치크팝,200억 발패치 힐링패치,커먼유니크5억아울렛,나이스지키미,정준 김유지,뉴발란스 블랙프라이데이
2019-11-18 17:43,Daum,김유지,정준,유산슬,고유정,한다감,이시아,마흔 파이브,연애의 맛,을지대학교,1박 2일 시즌4
2019-11-18 17:44,Google,병무청,뉴발란스,임종석,나이스지키미 신용등급계산기,유산슬,야구 한일전,김세연,SBS,여우티 9900원,설리
2019-11-18 17:44,Naver,크리니크 프렌즈치크팝,나이스지키미 신용등급계산기,정준,김유지,크리니크 치크팝,200억 발패치 힐링패치,커먼유니크5억아울렛,나이스지키미,정준 김유지,뉴발란스 블랙프라이데이
2019-11-18 17:44,Daum,김유지,정준,유산슬,고유정,한다감,연애의 맛,이시아,마흔 파이브,을지대학교,1박 2일 시즌4
2019-11-18 17:45,Google,병무청,뉴발란스,임종석,나이스지키미 신용등급계산기,유산슬,야구 한일전,김세연,SBS,여우티 9900원,설리
2019-11-18 17:45,Naver,크리니크 프렌즈치크팝,나이스지키미 신용등급계산기,김유지,정준,크리니크 치크팝,200억 발패치 힐링패치,나이스지키미,커먼유니크5억아울렛,정준 김유지,뉴발란스 블랙프라이데이
2019-11-18 17:45,Daum,김유지,정준,유산슬,고유정,한다감,이시아,연애의 맛,마흔 파이브,을지대학교,1박 2일 시즌4
2019-11-18 17:46,Google,병무청,뉴발란스,임종석,나이스지키미 신용등급계산기,유산슬,야구 한일전,김세연,SBS,여우티 9900원,설리
2019-11-18 17:46,Naver,크리니크 프렌즈치크팝,나이스지키미 신용등급계산기,정준,김유지,크리니크 치크팝,200억 발패치 힐링패치,나이스지키미,커먼유니크5억아울렛,정준 김유지,뉴발란스 블랙프라이데이
2019-11-18 17:46,Daum,김유지,정준,유산슬,고유정,한다감,연애의 맛,이시아,마흔 파이브,1박 2일 시즌4,을지대학교
2019-11-18 17:47,Google,병무청,뉴발란스,임종석,나이스지키미 신용등급계산기,유산슬,야구 한일전,김세연,SBS,여우티 9900원,설리
2019-11-18 17:47,Naver,크리니크 프렌즈치크팝,나이스지키미 신용등급계산기,김유지,정준,크리니크 치크팝,200억 발패치 힐링패치,나이스지키미,커먼유니크5억아울렛,정준 김유지,뉴발란스 블랙프라이데이
2019-11-18 17:47,Daum,김유지,정준,유산슬,이인영,고유정,이낙연,이시아,마흔 파이브,연애의 맛,한다감
2019-11-18 17:48,Google,병무청,뉴발란스,임종석,나이스지키미 신용등급계산기,유산슬,야구 한일전,김세연,SBS,여우티 9900원,설리
2019-11-18 17:48,Naver,크리니크 프렌즈치크팝,나이스지키미 신용등급계산기,김유지,정준,크리니크 치크팝,200억 발패치 힐링패치,나이스지키미,커먼유니크5억아울렛,정준 김유지,뉴발란스 블랙프라이데이
2019-11-18 17:48,Daum,김유지,정준,유산슬,이인영,고유정,이낙연,마흔 파이브,이시아,연애의 맛,한다감
2019-11-18 17:49,Google,병무청,뉴발란스,임종석,나이스지키미 신용등급계산기,유산슬,야구 한일전,김세연,SBS,여우티 9900원,설리
2019-11-18 17:49,Naver,크리니크 프렌즈치크팝,나이스지키미 신용등급계산기,김유지,정준,크리니크 치크팝,200억 발패치 힐링패치,나이스지키미,커먼유니크5억아울렛,정준 김유지,뉴발란스 블랙프라이데이
2019-11-18 17:49,Daum,김유지,정준,유산슬,이인영,고유정,이낙연,마흔 파이브,이시아,연애의 맛,한다감
2019-11-18 17:50,Google,병무청,뉴발란스,임종석,나이스지키미 신용등급계산기,유산슬,야구 한일전,김세연,SBS,여우티 9900원,설리
2019-11-18 17:50,Naver,크리니크 프렌즈치크팝,나이스지키미 신용등급계산기,김유지,정준,크리니크 치크팝,200억 발패치 힐링패치,나이스지키미,커먼유니크5억아울렛,정준 김유지,뉴발란스 블랙프라이데이
2019-11-18 17:50,Daum,김유지,정준,유산슬,이인영,고유정,이낙연,마흔 파이브,이시아,연애의 맛,한다감
2019-11-18 17:51,Google,병무청,뉴발란스,임종석,나이스지키미 신용등급계산기,유산슬,야구 한일전,김세연,SBS,여우티 9900원,설리
2019-11-18 17:51,Naver,크리니크 프렌즈치크팝,나이스지키미 신용등급계산기,김유지,정준,크리니크 치크팝,200억 발패치 힐링패치,나이스지키미,커먼유니크5억아울렛,정준 김유지,뉴발란스 블랙프라이데이
2019-11-18 17:51,Daum,김유지,정준,유산슬,이인영,고유정,이시아,연애의 맛,이낙연,한다감,마흔 파이브
2019-11-18 17:52,Google,병무청,뉴발란스,임종석,나이스지키미 신용등급계산기,유산슬,야구 한일전,김세연,SBS,여우티 9900원,설리
2019-11-18 17:52,Naver,크리니크 프렌즈치크팝,나이스지키미 신용등급계산기,김유지,정준,크리니크 치크팝,200억 발패치 힐링패치,커먼유니크5억아울렛,나이스지키미,정준 김유지,뉴발란스 블랙프라이데이
2019-11-18 17:52,Daum,김유지,정준,유산슬,이낙연,고유정,연애의 맛,마흔 파이브,이시아,한다감,이인영
2019-11-18 17:53,Google,병무청,뉴발란스,임종석,나이스지키미 신용등급계산기,유산슬,야구 한일전,김세연,SBS,여우티 9900원,설리
2019-11-18 17:53,Naver,크리니크 프렌즈치크팝,나이스지키미 신용등급계산기,김유지,정준,크리니크 치크팝,200억 발패치 힐링패치,커먼유니크5억아울렛,나이스지키미,정준 김유지,뉴발란스 블랙프라이데이
2019-11-18 17:53,Daum,김유지,정준,유산슬,이낙연,고유정,연애의 맛,마흔 파이브,이시아,한다감,이인영
2019-11-18 17:54,Google,병무청,뉴발란스,임종석,나이스지키미 신용등급계산기,유산슬,야구 한일전,김세연,SBS,여우티 9900원,설리
2019-11-18 17:54,Naver,크리니크 프렌즈치크팝,나이스지키미 신용등급계산기,김유지,정준,크리니크 치크팝,200억 발패치 힐링패치,커먼유니크5억아울렛,나이스지키미,정준 김유지,뉴발란스 블랙프라이데이
2019-11-18 17:54,Daum,김유지,정준,유산슬,이낙연,고유정,연애의 맛,마흔 파이브,이시아,한다감,이인영
2019-11-18 17:55,Google,병무청,뉴발란스,임종석,나이스지키미 신용등급계산기,유산슬,야구 한일전,김세연,SBS,여우티 9900원,설리
2019-11-18 17:55,Naver,크리니크 프렌즈치크팝,나이스지키미 신용등급계산기,김유지,정준,크리니크 치크팝,200억 발패치 힐링패치,커먼유니크5억아울렛,나이스지키미,정준 김유지,뉴발란스 블랙프라이데이
2019-11-18 17:55,Daum,김유지,정준,유산슬,이낙연,고유정,연애의 맛,이시아,마흔 파이브,한다감,이인영
2019-11-18 17:56,Google,병무청,뉴발란스,임종석,나이스지키미 신용등급계산기,유산슬,야구 한일전,김세연,SBS,여우티 9900원,설리
2019-11-18 17:56,Naver,크리니크 프렌즈치크팝,나이스지키미 신용등급계산기,김유지,정준,크리니크 치크팝,200억 발패치 힐링패치,커먼유니크5억아울렛,나이스지키미,정준 김유지,뉴발란스 블랙프라이데이
2019-11-18 17:56,Daum,김유지,정준,유산슬,이낙연,고유정,마흔 파이브,이인영,이시아,한다감,연애의 맛
2019-11-18 17:57,Google,병무청,뉴발란스,임종석,나이스지키미 신용등급계산기,유산슬,야구 한일전,김세연,SBS,여우티 9900원,설리
2019-11-18 17:57,Naver,크리니크 프렌즈치크팝,나이스지키미 신용등급계산기,김유지,정준,크리니크 치크팝,200억 발패치 힐링패치,커먼유니크5억아울렛,나이스지키미,정준 김유지,뉴발란스 블랙프라이데이
2019-11-18 17:57,Daum,정준,김유지,이낙연,마흔 파이브,고유정,연애의 맛,홍콩,이시아,1박 2일 시즌4,한다감
2019-11-18 17:58,Google,병무청,뉴발란스,임종석,나이스지키미 신용등급계산기,유산슬,야구 한일전,김세연,SBS,여우티 9900원,설리
2019-11-18 17:58,Naver,크리니크 프렌즈치크팝,나이스지키미 신용등급계산기,김유지,정준,크리니크 치크팝,200억 발패치 힐링패치,커먼유니크5억아울렛,나이스지키미,정준 김유지,뉴발란스 블랙프라이데이
2019-11-18 17:58,Daum,정준,김유지,이낙연,마흔 파이브,고유정,연애의 맛,홍콩,이시아,1박 2일 시즌4,한다감
2019-11-18 17:59,Google,병무청,뉴발란스,임종석,나이스지키미 신용등급계산기,유산슬,야구 한일전,김세연,SBS,여우티 9900원,설리
2019-11-18 17:59,Naver,크리니크 프렌즈치크팝,나이스지키미 신용등급계산기,김유지,정준,크리니크 치크팝,200억 발패치 힐링패치,커먼유니크5억아울렛,나이스지키미,정준 김유지,뉴발란스 블랙프라이데이
2019-11-18 17:59,Daum,정준,김유지,이낙연,마흔 파이브,고유정,연애의 맛,1박 2일 시즌4,이시아,홍콩,한다감
2019-11-18 18:0,Google,병무청,뉴발란스,임종석,나이스지키미 신용등급계산기,유산슬,야구 한일전,김세연,SBS,여우티 9900원,설리
2019-11-18 18:0,Naver,크리니크 프렌즈치크팝,나이스지키미 신용등급계산기,김유지,정준,크리니크 치크팝,200억 발패치 힐링패치,커먼유니크5억아울렛,나이스지키미,정준 김유지,뉴발란스 블랙프라이데이
2019-11-18 18:0,Daum,정준,김유지,이낙연,마흔 파이브,고유정,연애의 맛,이시아,1박 2일 시즌4,홍콩,한다감
2019-11-18 18:1,Google,병무청,뉴발란스,임종석,나이스지키미 신용등급계산기,유산슬,야구 한일전,김세연,SBS,여우티 9900원,설리
2019-11-18 18:1,Naver,크리니크 프렌즈치크팝,나이스지키미 신용등급계산기,김유지,정준,크리니크 치크팝,200억 발패치 힐링패치,커먼유니크5억아울렛,나이스지키미,정준 김유지,뉴발란스 블랙프라이데이
2019-11-18 18:1,Daum,정준,김유지,이낙연,마흔 파이브,고유정,이시아,연애의 맛,홍콩,한다감,1박 2일 시즌4
2019-11-18 18:2,Google,병무청,뉴발란스,임종석,나이스지키미 신용등급계산기,유산슬,야구 한일전,김세연,SBS,여우티 9900원,설리
2019-11-18 18:2,Naver,크리니크 프렌즈치크팝,나이스지키미 신용등급계산기,김유지,정준,크리니크 치크팝,200억 발패치 힐링패치,커먼유니크5억아울렛,나이스지키미,정준 김유지,뉴발란스 블랙프라이데이
2019-11-18 18:2,Daum,김유지,정준,고유정,이낙연,연애의 맛,이시아,마흔 파이브,홍콩,유시민,을지대학교
2019-11-18 18:3,Google,병무청,뉴발란스,임종석,나이스지키미 신용등급계산기,유산슬,야구 한일전,김세연,SBS,여우티 9900원,설리
2019-11-18 18:3,Naver,크리니크 프렌즈치크팝,나이스지키미 신용등급계산기,김유지,정준,크리니크 치크팝,200억 발패치 힐링패치,커먼유니크5억아울렛,나이스지키미,뉴발란스 블랙프라이데이,정준 김유지
2019-11-18 18:3,Daum,김유지,정준,고유정,이낙연,연애의 맛,이시아,마흔 파이브,홍콩,유시민,을지대학교
2019-11-18 18:4,Google,병무청,뉴발란스,임종석,나이스지키미 신용등급계산기,유산슬,야구 한일전,김세연,SBS,여우티 9900원,설리
2019-11-18 18:4,Naver,크리니크 프렌즈치크팝,나이스지키미 신용등급계산기,김유지,정준,크리니크 치크팝,200억 발패치 힐링패치,커먼유니크5억아울렛,나이스지키미,뉴발란스 블랙프라이데이,정준 김유지
2019-11-18 18:4,Daum,김유지,정준,고유정,이낙연,연애의 맛,이시아,마흔 파이브,유시민,홍콩,을지대학교
2019-11-18 18:5,Google,병무청,뉴발란스,임종석,나이스지키미 신용등급계산기,유산슬,야구 한일전,김세연,SBS,여우티 9900원,설리
2019-11-18 18:5,Naver,크리니크 프렌즈치크팝,나이스지키미 신용등급계산기,김유지,정준,크리니크 치크팝,200억 발패치 힐링패치,나이스지키미,커먼유니크5억아울렛,뉴발란스 블랙프라이데이,신수지
2019-11-18 18:5,Daum,김유지,정준,고유정,이낙연,연애의 맛,이시아,유시민,마흔 파이브,홍콩,을지대학교
2019-11-18 22:49,Google,나이스지키미 신용등급계산기,병무청,뉴발란스,유산슬,미세먼지,유진박,김유지,야구 한일전,김세연,SBS
2019-11-18 22:49,Naver,최지연,두루치기,밥순삭 꽃게야 100원,첫눈,디라이프스타일키친,눈,생활의달인,마미손별의노래,닭고기치즈스튜,유영철
2019-11-18 22:49,Daum,최지연,김희진,주병선,두루치기,박구윤,장은숙,김학용,스트레이트,김유지,아이 콘택트
2019-11-18 22:50,Google,나이스지키미 신용등급계산기,병무청,뉴발란스,유산슬,미세먼지,유진박,김유지,야구 한일전,김세연,SBS
2019-11-18 22:50,Naver,최지연,두루치기,밥순삭 꽃게야 100원,첫눈,디라이프스타일키친,눈,생활의달인,마미손별의노래,닭고기치즈스튜,유영철
2019-11-18 22:50,Daum,최지연,김희진,주병선,두루치기,박구윤,장은숙,김학용,스트레이트,김유지,아이 콘택트
2019-11-18 22:51,Google,나이스지키미 신용등급계산기,병무청,뉴발란스,유산슬,미세먼지,유진박,김유지,야구 한일전,김세연,SBS
2019-11-18 22:51,Naver,최지연,두루치기,첫눈,밥순삭 꽃게야 100원,디라이프스타일키친,눈,생활의달인,마미손별의노래,닭고기치즈스튜,유영철
2019-11-18 22:51,Daum,최지연,김희진,주병선,두루치기,박구윤,장은숙,김학용,아이 콘택트,김유지,스트레이트
2019-11-18 22:52,Google,나이스지키미 신용등급계산기,병무청,뉴발란스,유산슬,미세먼지,유진박,김유지,야구 한일전,김세연,SBS
2019-11-18 22:52,Naver,최지연,두루치기,첫눈,밥순삭 꽃게야 100원,디라이프스타일키친,눈,생활의달인,마미손별의노래,닭고기치즈스튜,유영철
2019-11-18 22:52,Daum,설하윤,최지연,박혜신,김희진,두루치기,김학용,장은숙,주병선,김유지,스트레이트
2019-11-18 22:53,Google,나이스지키미 신용등급계산기,병무청,뉴발란스,유산슬,미세먼지,유진박,김유지,야구 한일전,김세연,SBS
2019-11-18 22:53,Naver,최지연,두루치기,첫눈,밥순삭 꽃게야 100원,눈,디라이프스타일키친,생활의달인,마미손별의노래,유영철,두루치기뜻
2019-11-18 22:53,Daum,설하윤,최지연,박혜신,김희진,두루치기,장은숙,김학용,김유지,스트레이트,주병선
2019-11-18 23:35,Google,나이스지키미 신용등급계산기,병무청,뉴발란스,유산슬,미세먼지,유진박,김유지,야구 한일전,김세연,SBS
2019-11-18 23:35,Naver,민식이법,첫눈,눈,최지연,아이콘택트,밥순삭 꽃게야,미쓰백,요요미,2019 첫눈,박재란
2019-11-18 23:35,Daum,요요미,진이한,민식이법,최지연,첫눈,스트레이트,유심초,아이 콘택트,김유지,정준
2019-11-18 23:36,Google,나이스지키미 신용등급계산기,병무청,뉴발란스,유산슬,미세먼지,유진박,김유지,야구 한일전,김세연,SBS
2019-11-18 23:36,Naver,민식이법,첫눈,눈,아이콘택트,밥순삭 꽃게야,미쓰백,요요미,최지연,2019 첫눈,박재란
2019-11-18 23:36,Daum,요요미,진이한,민식이법,최지연,첫눈,스트레이트,김유지,유심초,정준,아이 콘택트
2019-11-18 23:37,Google,나이스지키미 신용등급계산기,병무청,뉴발란스,유산슬,미세먼지,유진박,김유지,야구 한일전,김세연,SBS
2019-11-18 23:37,Naver,민식이법,첫눈,눈,아이콘택트,밥순삭 꽃게야,미쓰백,요요미,2019 첫눈,박재란,가수 요요미
2019-11-18 23:37,Daum,요요미,진이한,민식이법,정준,김유지,첫눈,스트레이트,유심초,최지연,이이경
2019-11-18 23:38,Google,나이스지키미 신용등급계산기,병무청,뉴발란스,유산슬,미세먼지,유진박,김유지,야구 한일전,김세연,SBS
2019-11-18 23:38,Naver,민식이법,첫눈,눈,아이콘택트,밥순삭 꽃게야,미쓰백,요요미,2019 첫눈,박재란,가수 요요미
2019-11-18 23:38,Daum,요요미,진이한,민식이법,정준,김유지,첫눈,스트레이트,유심초,최지연,이이경
2019-11-18 23:39,Google,나이스지키미 신용등급계산기,병무청,뉴발란스,유산슬,미세먼지,유진박,김유지,야구 한일전,김세연,SBS
2019-11-18 23:39,Naver,민식이법,첫눈,눈,밥순삭 꽃게야,아이콘택트,미쓰백,요요미,2019 첫눈,박재란,가수 요요미
2019-11-18 23:39,Daum,요요미,진이한,민식이법,정준,김유지,첫눈,스트레이트,유심초,최지연,이이경
2019-11-18 23:41,Google,나이스지키미 신용등급계산기,병무청,뉴발란스,유산슬,미세먼지,유진박,김유지,야구 한일전,김세연,SBS
2019-11-18 23:41,Naver,민식이법,첫눈,눈,밥순삭 꽃게야,미쓰백,아이콘택트,요요미,2019 첫눈,박재란,가수 요요미
2019-11-18 23:41,Daum,요요미,진이한,민식이법,정준,김유지,첫눈,이이경,스트레이트,유심초,최지연
2019-11-18 23:42,Google,나이스지키미 신용등급계산기,병무청,뉴발란스,유산슬,미세먼지,유진박,김유지,야구 한일전,김세연,SBS
2019-11-18 23:42,Naver,민식이법,첫눈,눈,미쓰백,밥순삭 꽃게야,아이콘택트,요요미,2019 첫눈,박재란,가수 요요미
2019-11-18 23:42,Daum,요요미,민식이법,첫눈,스트레이트,안지환,유심초,최지연,설하윤,아이 콘택트,유창선
2019-11-18 23:43,Google,나이스지키미 신용등급계산기,병무청,뉴발란스,유산슬,미세먼지,유진박,김유지,야구 한일전,김세연,SBS
2019-11-18 23:43,Naver,민식이법,첫눈,눈,미쓰백,밥순삭 꽃게야,아이콘택트,요요미,2019 첫눈,박재란,가수 요요미
2019-11-18 23:43,Daum,요요미,민식이법,첫눈,스트레이트,안지환,유심초,최지연,아이 콘택트,설하윤,유창선
2019-11-18 23:44,Google,나이스지키미 신용등급계산기,병무청,뉴발란스,유산슬,미세먼지,유진박,김유지,야구 한일전,김세연,SBS
2019-11-18 23:44,Naver,민식이법,첫눈,눈,미쓰백,밥순삭 꽃게야,아이콘택트,요요미,2019 첫눈,박재란,가수 요요미
2019-11-18 23:44,Daum,요요미,민식이법,첫눈,스트레이트,안지환,유심초,최지연,설하윤,아이 콘택트,유창선
2019-11-18 23:45,Google,나이스지키미 신용등급계산기,병무청,뉴발란스,유산슬,미세먼지,유진박,김유지,야구 한일전,김세연,SBS
2019-11-18 23:45,Naver,민식이법,첫눈,눈,미쓰백,밥순삭 꽃게야,아이콘택트,요요미,2019 첫눈,박재란,가수 요요미
2019-11-18 23:45,Daum,요요미,민식이법,첫눈,스트레이트,안지환,최지연,유심초,설하윤,아이 콘택트,유창선
2019-11-18 23:46,Google,나이스지키미 신용등급계산기,병무청,뉴발란스,유산슬,미세먼지,유진박,김유지,야구 한일전,김세연,SBS
2019-11-18 23:46,Naver,민식이법,첫눈,눈,미쓰백,밥순삭 꽃게야,아이콘택트,요요미,2019 첫눈,박재란,가수 요요미
2019-11-18 23:46,Daum,요요미,민식이법,첫눈,스트레이트,안지환,유심초,아이 콘택트,최지연,유창선,설하윤
2019-11-18 23:47,Google,나이스지키미 신용등급계산기,병무청,뉴발란스,유산슬,미세먼지,유진박,김유지,야구 한일전,김세연,SBS
2019-11-18 23:47,Naver,민식이법,첫눈,눈,미쓰백,밥순삭 꽃게야,아이콘택트,요요미,2019 첫눈,박재란,가수 요요미
2019-11-18 23:47,Daum,요요미,민식이법,첫눈,스트레이트,유심초,최지연,아이 콘택트,찬희,가요무대,설하윤
2019-11-18 23:48,Google,나이스지키미 신용등급계산기,병무청,뉴발란스,유산슬,미세먼지,유진박,김유지,야구 한일전,김세연,SBS
2019-11-18 23:48,Naver,민식이법,첫눈,눈,미쓰백,밥순삭 꽃게야,아이콘택트,요요미,2019 첫눈,박재란,가수 요요미
2019-11-18 23:48,Daum,요요미,민식이법,첫눈,스트레이트,유심초,최지연,아이 콘택트,찬희,가요무대,설하윤
2019-11-18 23:49,Google,나이스지키미 신용등급계산기,병무청,뉴발란스,유산슬,미세먼지,유진박,김유지,야구 한일전,김세연,SBS
2019-11-18 23:49,Naver,민식이법,첫눈,눈,미쓰백,밥순삭 꽃게야,아이콘택트,요요미,2019 첫눈,박재란,가수 요요미
2019-11-18 23:49,Daum,요요미,민식이법,첫눈,스트레이트,유심초,최지연,아이 콘택트,찬희,가요무대,설하윤
2019-11-18 23:50,Google,나이스지키미 신용등급계산기,병무청,뉴발란스,유산슬,미세먼지,유진박,김유지,야구 한일전,김세연,SBS
2019-11-18 23:50,Naver,민식이법,첫눈,눈,미쓰백,밥순삭 꽃게야,아이콘택트,2019 첫눈,요요미,박재란,가수 요요미
2019-11-18 23:50,Daum,요요미,민식이법,첫눈,스트레이트,유심초,최지연,아이 콘택트,찬희,가요무대,설하윤
2019-11-18 23:51,Google,나이스지키미 신용등급계산기,병무청,뉴발란스,유산슬,미세먼지,유진박,김유지,야구 한일전,김세연,SBS
2019-11-18 23:51,Naver,민식이법,첫눈,눈,미쓰백,밥순삭 꽃게야,2019 첫눈,아이콘택트,요요미,박재란,가수 요요미
2019-11-18 23:51,Daum,요요미,민식이법,첫눈,스트레이트,유심초,찬희,설하윤,아이 콘택트,최지연,가요무대
2019-11-18 23:52,Google,나이스지키미 신용등급계산기,병무청,뉴발란스,유산슬,미세먼지,유진박,김유지,야구 한일전,김세연,SBS
2019-11-18 23:52,Naver,민식이법,첫눈,눈,미쓰백,밥순삭 꽃게야,2019 첫눈,요요미,아이콘택트,박재란,가수 요요미
2019-11-18 23:52,Daum,요요미,민식이법,첫눈,스트레이트,유심초,차홍,최지연,아이 콘택트,박재란,더 짠내투어
2019-11-18 23:53,Google,나이스지키미 신용등급계산기,병무청,뉴발란스,유산슬,미세먼지,유진박,김유지,야구 한일전,김세연,SBS
2019-11-18 23:53,Naver,민식이법,첫눈,눈,미쓰백,밥순삭 꽃게야,2019 첫눈,요요미,아이콘택트,지코바치킨,박재란
2019-11-18 23:53,Daum,요요미,민식이법,첫눈,스트레이트,유심초,최지연,차홍,아이 콘택트,박재란,더 짠내투어
2019-11-18 23:54,Google,나이스지키미 신용등급계산기,병무청,뉴발란스,유산슬,미세먼지,유진박,김유지,야구 한일전,김세연,SBS
2019-11-18 23:54,Naver,민식이법,첫눈,눈,미쓰백,밥순삭 꽃게야,2019 첫눈,요요미,아이콘택트,지코바치킨,박재란
2019-11-18 23:54,Daum,요요미,민식이법,첫눈,스트레이트,유심초,최지연,아이 콘택트,차홍,박재란,더 짠내투어
2019-11-18 23:55,Google,나이스지키미 신용등급계산기,병무청,뉴발란스,유산슬,미세먼지,유진박,김유지,야구 한일전,김세연,SBS
2019-11-18 23:55,Naver,민식이법,첫눈,눈,미쓰백,밥순삭 꽃게야,2019 첫눈,요요미,아이콘택트,지코바치킨,박재란
2019-11-18 23:55,Daum,요요미,민식이법,첫눈,스트레이트,유심초,최지연,아이 콘택트,박재란,차홍,더 짠내투어
2019-11-18 23:56,Google,나이스지키미 신용등급계산기,병무청,뉴발란스,유산슬,미세먼지,유진박,김유지,야구 한일전,김세연,SBS
2019-11-18 23:56,Naver,민식이법,첫눈,눈,미쓰백,밥순삭 꽃게야,2019 첫눈,요요미,아이콘택트,지코바치킨,박재란
2019-11-18 23:56,Daum,요요미,민식이법,첫눈,스트레이트,유심초,최지연,차홍,아이 콘택트,박재란,더 짠내투어
2019-11-18 23:57,Google,나이스지키미 신용등급계산기,병무청,뉴발란스,유산슬,미세먼지,유진박,김유지,야구 한일전,김세연,SBS
2019-11-18 23:57,Naver,민식이법,첫눈,눈,미쓰백,밥순삭 꽃게야,2019 첫눈,아이콘택트,지코바치킨,박재란,요요미
2019-11-18 23:57,Daum,요요미,민식이법,첫눈,스트레이트,유심초,최지연,아이 콘택트,정혜영,차홍,냐짱
2019-11-18 23:58,Google,나이스지키미 신용등급계산기,병무청,뉴발란스,유산슬,미세먼지,유진박,김유지,야구 한일전,김세연,SBS
2019-11-18 23:58,Naver,민식이법,첫눈,눈,미쓰백,밥순삭 꽃게야,2019 첫눈,아이콘택트,지코바치킨,박재란,마미손별의노래
2019-11-18 23:58,Daum,요요미,민식이법,첫눈,스트레이트,유심초,최지연,아이 콘택트,정혜영,차홍,냐짱
2019-11-18 23:59,Google,나이스지키미 신용등급계산기,병무청,뉴발란스,유산슬,미세먼지,유진박,김유지,야구 한일전,김세연,SBS
2019-11-18 23:59,Naver,민식이법,첫눈,눈,미쓰백,밥순삭 꽃게야,2019 첫눈,아이콘택트,박재란,지코바치킨,마미손별의노래
2019-11-18 23:59,Daum,요요미,민식이법,첫눈,스트레이트,유심초,최지연,아이 콘택트,정혜영,냐짱,차홍
2019-11-19 0:0,Google,나이스지키미 신용등급계산기,병무청,뉴발란스,유산슬,미세먼지,유진박,김유지,야구 한일전,김세연,SBS
2019-11-19 0:0,Naver,민식이법,첫눈,눈,미쓰백,밥순삭 꽃게야,2019 첫눈,아이콘택트,박재란,마미손별의노래,vip 이상윤 여자
2019-11-19 0:0,Daum,요요미,민식이법,첫눈,스트레이트,유심초,최지연,아이 콘택트,정혜영,냐짱,차홍
2019-11-19 0:1,Google,나이스지키미 신용등급계산기,병무청,뉴발란스,유산슬,미세먼지,유진박,김유지,야구 한일전,김세연,SBS
2019-11-19 0:1,Naver,민식이법,첫눈,눈,미쓰백,밥순삭 꽃게야,2019 첫눈,아이콘택트,박재란,마미손별의노래,진이한
2019-11-19 0:1,Daum,요요미,민식이법,첫눈,스트레이트,유심초,최지연,아이 콘택트,정혜영,차홍,냐짱
2019-11-19 0:2,Google,나이스지키미 신용등급계산기,병무청,뉴발란스,유산슬,미세먼지,유진박,김유지,야구 한일전,김세연,SBS
2019-11-19 0:2,Naver,민식이법,첫눈,눈,미쓰백,밥순삭 꽃게야,2019 첫눈,아이콘택트,박재란,마미손별의노래,진이한
2019-11-19 0:2,Daum,민식이법,첫눈,찬희,요요미,스트레이트,달랏,최지연,정혜영,차홍,유심초
2019-11-19 0:3,Google,나이스지키미 신용등급계산기,병무청,뉴발란스,유산슬,미세먼지,유진박,김유지,야구 한일전,김세연,SBS
2019-11-19 0:3,Naver,민식이법,첫눈,눈,미쓰백,밥순삭 꽃게야,2019 첫눈,아이콘택트,박재란,마미손별의노래,진이한
2019-11-19 0:3,Daum,민식이법,첫눈,찬희,요요미,스트레이트,달랏,최지연,정혜영,차홍,유심초
2019-11-19 0:4,Google,나이스지키미 신용등급계산기,병무청,뉴발란스,유산슬,미세먼지,유진박,김유지,야구 한일전,김세연,SBS
2019-11-19 0:4,Naver,민식이법,첫눈,눈,미쓰백,밥순삭 꽃게야,2019 첫눈,아이콘택트,박재란,마미손별의노래,진이한
2019-11-19 0:4,Daum,민식이법,첫눈,찬희,요요미,스트레이트,달랏,최지연,정혜영,차홍,유심초
2019-11-19 0:5,Google,나이스지키미 신용등급계산기,병무청,뉴발란스,유산슬,미세먼지,유진박,김유지,야구 한일전,김세연,SBS
2019-11-19 0:5,Naver,민식이법,첫눈,눈,미쓰백,밥순삭 꽃게야,2019 첫눈,아이콘택트,박재란,진이한,마미손별의노래
2019-11-19 0:5,Daum,달랏,민식이법,첫눈,찬희,요요미,스트레이트,최지연,정혜영,차홍,유심초
2019-11-19 0:6,Google,나이스지키미 신용등급계산기,병무청,뉴발란스,유산슬,미세먼지,유진박,김유지,야구 한일전,김세연,SBS
2019-11-19 0:6,Naver,민식이법,첫눈,눈,미쓰백,밥순삭 꽃게야,2019 첫눈,아이콘택트,박재란,진이한,마미손별의노래
2019-11-19 0:6,Daum,민식이법,첫눈,찬희,요요미,스트레이트,최지연,정혜영,유심초,달랏,차홍
2019-11-19 0:7,Google,나이스지키미 신용등급계산기,병무청,뉴발란스,유산슬,미세먼지,유진박,김유지,야구 한일전,김세연,SBS
2019-11-19 0:7,Naver,민식이법,첫눈,눈,미쓰백,밥순삭 꽃게야,2019 첫눈,박재란,아이콘택트,진이한,마미손별의노래
2019-11-19 0:7,Daum,첫눈,민식이법,스트레이트,요요미,달랏,찬희,최지연,안소미,더 짠내투어,박재란
2019-11-19 0:8,Google,나이스지키미 신용등급계산기,병무청,뉴발란스,유산슬,미세먼지,유진박,김유지,야구 한일전,김세연,SBS
2019-11-19 0:8,Naver,민식이법,첫눈,눈,미쓰백,밥순삭 꽃게야,2019 첫눈,박재란,아이콘택트,진이한,마미손별의노래
2019-11-19 0:8,Daum,첫눈,민식이법,스트레이트,요요미,달랏,최지연,더 짠내투어,찬희,안소미,박재란
2019-11-19 0:9,Google,나이스지키미 신용등급계산기,병무청,뉴발란스,유산슬,미세먼지,유진박,김유지,야구 한일전,김세연,SBS
2019-11-19 0:9,Naver,민식이법,첫눈,눈,밥순삭 꽃게야,미쓰백,2019 첫눈,박재란,진이한,아이콘택트,마미손별의노래
2019-11-19 0:9,Daum,첫눈,민식이법,스트레이트,요요미,달랏,더 짠내투어,최지연,찬희,안소미,박재란
2019-11-19 0:10,Google,나이스지키미 신용등급계산기,병무청,뉴발란스,유산슬,미세먼지,유진박,김유지,야구 한일전,김세연,SBS
2019-11-19 0:10,Naver,민식이법,첫눈,눈,밥순삭 꽃게야,2019 첫눈,미쓰백,진이한,마미손별의노래,아이콘택트,베트남 냐짱
2019-11-19 0:10,Daum,첫눈,민식이법,스트레이트,요요미,달랏,더 짠내투어,최지연,찬희,안소미,박재란
2019-11-19 0:11,Google,나이스지키미 신용등급계산기,병무청,뉴발란스,유산슬,미세먼지,유진박,김유지,야구 한일전,김세연,SBS
2019-11-19 0:11,Naver,민식이법,첫눈,눈,2019 첫눈,미쓰백,밥순삭 꽃게야,진이한,베트남 냐짱,마미손별의노래,아이콘택트
2019-11-19 0:11,Daum,첫눈,민식이법,스트레이트,요요미,달랏,최지연,찬희,더 짠내투어,안소미,박재란
2019-11-19 0:12,Google,나이스지키미 신용등급계산기,병무청,뉴발란스,유산슬,미세먼지,유진박,김유지,야구 한일전,김세연,SBS
2019-11-19 0:12,Naver,민식이법,첫눈,눈,2019 첫눈,미쓰백,밥순삭 꽃게야,진이한,베트남 냐짱,마미손별의노래,아이콘택트
2019-11-19 0:12,Daum,달랏,첫눈,민식이법,스트레이트,요요미,찬희,최지연,정혜영,홍콩,백지영
2019-11-19 0:13,Google,나이스지키미 신용등급계산기,병무청,뉴발란스,유산슬,미세먼지,유진박,김유지,야구 한일전,김세연,SBS
2019-11-19 0:13,Naver,민식이법,첫눈,눈,2019 첫눈,미쓰백,밥순삭 꽃게야,진이한,베트남 냐짱,마미손별의노래,아이콘택트
2019-11-19 0:13,Daum,달랏,첫눈,민식이법,스트레이트,요요미,찬희,최지연,정혜영,홍콩,백지영
2019-11-19 0:14,Google,나이스지키미 신용등급계산기,병무청,뉴발란스,유산슬,미세먼지,유진박,김유지,야구 한일전,김세연,SBS
2019-11-19 0:14,Naver,민식이법,첫눈,눈,2019 첫눈,미쓰백,밥순삭 꽃게야,진이한,베트남 냐짱,이상화 부모님집,언니네쌀롱
2019-11-19 0:14,Daum,달랏,첫눈,민식이법,스트레이트,요요미,최지연,찬희,정혜영,홍콩,백지영
2019-11-19 0:15,Google,나이스지키미 신용등급계산기,병무청,뉴발란스,유산슬,미세먼지,유진박,김유지,야구 한일전,김세연,SBS
2019-11-19 0:15,Naver,민식이법,첫눈,눈,2019 첫눈,미쓰백,밥순삭 꽃게야,이상화 부모님집,진이한,베트남 냐짱,언니네쌀롱
2019-11-19 0:15,Daum,달랏,첫눈,민식이법,스트레이트,요요미,최지연,찬희,정혜영,홍콩,백지영
2019-11-19 0:16,Google,나이스지키미 신용등급계산기,병무청,뉴발란스,유산슬,미세먼지,유진박,김유지,야구 한일전,김세연,SBS
2019-11-19 0:16,Naver,민식이법,첫눈,눈,2019 첫눈,미쓰백,밥순삭 꽃게야,이상화 부모님집,진이한,베트남 냐짱,언니네쌀롱
2019-11-19 0:16,Daum,달랏,첫눈,민식이법,스트레이트,요요미,찬희,최지연,정혜영,백지영,홍콩
2019-11-19 0:17,Google,나이스지키미 신용등급계산기,병무청,뉴발란스,유산슬,미세먼지,유진박,김유지,야구 한일전,김세연,SBS
2019-11-19 0:17,Naver,민식이법,첫눈,눈,2019 첫눈,미쓰백,이상화 부모님집,밥순삭 꽃게야,진이한,베트남 냐짱,언니네쌀롱
2019-11-19 0:17,Daum,첫눈,달랏,민식이법,요요미,스트레이트,더 짠내투어,최지연,찬희,탁현민,정혜영
2019-11-19 0:18,Google,나이스지키미 신용등급계산기,병무청,뉴발란스,유산슬,미세먼지,유진박,김유지,야구 한일전,김세연,SBS
2019-11-19 0:18,Naver,민식이법,첫눈,눈,2019 첫눈,미쓰백,이상화 부모님집,진이한,밥순삭 꽃게야,베트남 냐짱,언니네쌀롱
2019-11-19 0:18,Daum,첫눈,달랏,민식이법,요요미,스트레이트,최지연,더 짠내투어,찬희,탁현민,정혜영
2019-11-19 0:19,Google,나이스지키미 신용등급계산기,병무청,뉴발란스,유산슬,미세먼지,유진박,김유지,야구 한일전,김세연,SBS
2019-11-19 0:19,Naver,민식이법,첫눈,눈,2019 첫눈,미쓰백,이상화 부모님집,진이한,밥순삭 꽃게야,베트남 냐짱,언니네쌀롱
2019-11-19 0:19,Daum,첫눈,달랏,민식이법,요요미,스트레이트,더 짠내투어,찬희,최지연,정혜영,탁현민
2019-11-19 0:20,Google,나이스지키미 신용등급계산기,병무청,뉴발란스,유산슬,미세먼지,유진박,김유지,야구 한일전,김세연,SBS
2019-11-19 0:20,Naver,첫눈,민식이법,눈,2019 첫눈,미쓰백,이상화 부모님집,진이한,베트남 냐짱,밥순삭 꽃게야,더 짠내투어
2019-11-19 0:20,Daum,첫눈,달랏,민식이법,요요미,스트레이트,찬희,최지연,더 짠내투어,탁현민,정혜영
2019-11-19 0:21,Google,나이스지키미 신용등급계산기,병무청,뉴발란스,유산슬,미세먼지,유진박,김유지,야구 한일전,김세연,SBS
2019-11-19 0:21,Naver,첫눈,민식이법,눈,2019 첫눈,미쓰백,이상화 부모님집,진이한,베트남 냐짱,밥순삭 꽃게야,더 짠내투어
2019-11-19 0:21,Daum,첫눈,달랏,민식이법,요요미,스트레이트,최지연,찬희,더 짠내투어,정혜영,탁현민
2019-11-19 0:22,Google,나이스지키미 신용등급계산기,병무청,뉴발란스,유산슬,미세먼지,유진박,김유지,야구 한일전,김세연,SBS
2019-11-19 0:22,Naver,첫눈,눈,민식이법,2019 첫눈,이상화 부모님집,미쓰백,진이한,베트남 냐짱,밥순삭 꽃게야,더 짠내투어
2019-11-19 0:22,Daum,첫눈,달랏,요요미,스트레이트,민식이법,찬희,더 짠내투어,최지연,연우,탁현민
2019-11-19 0:23,Google,나이스지키미 신용등급계산기,병무청,뉴발란스,유산슬,미세먼지,유진박,김유지,야구 한일전,김세연,SBS
2019-11-19 0:23,Naver,첫눈,눈,민식이법,2019 첫눈,이상화 부모님집,미쓰백,베트남 냐짱,진이한,밥순삭 꽃게야,더 짠내투어
2019-11-19 0:23,Daum,첫눈,달랏,요요미,스트레이트,민식이법,찬희,최지연,더 짠내투어,탁현민,연우
2019-11-19 0:24,Google,나이스지키미 신용등급계산기,병무청,뉴발란스,유산슬,미세먼지,유진박,김유지,야구 한일전,김세연,SBS
2019-11-19 0:24,Naver,첫눈,눈,민식이법,이상화 부모님집,2019 첫눈,미쓰백,베트남 냐짱,진이한,언니네쌀롱,더 짠내투어
2019-11-19 0:24,Daum,첫눈,달랏,요요미,스트레이트,민식이법,찬희,더 짠내투어,최지연,탁현민,연우
2019-11-19 0:25,Google,나이스지키미 신용등급계산기,병무청,뉴발란스,유산슬,미세먼지,유진박,김유지,야구 한일전,김세연,SBS
2019-11-19 0:25,Naver,첫눈,눈,민식이법,이상화 부모님집,2019 첫눈,미쓰백,베트남 냐짱,진이한,언니네쌀롱,더 짠내투어
2019-11-19 0:25,Daum,첫눈,달랏,요요미,스트레이트,민식이법,찬희,최지연,더 짠내투어,탁현민,연우
2019-11-19 0:26,Google,나이스지키미 신용등급계산기,병무청,뉴발란스,유산슬,미세먼지,유진박,김유지,야구 한일전,김세연,SBS
2019-11-19 0:26,Naver,첫눈,눈,민식이법,이상화 부모님집,2019 첫눈,미쓰백,베트남 냐짱,진이한,언니네쌀롱,더 짠내투어
2019-11-19 0:26,Daum,첫눈,달랏,요요미,스트레이트,민식이법,더 짠내투어,최지연,찬희,탁현민,연우
2019-11-19 0:27,Google,나이스지키미 신용등급계산기,병무청,뉴발란스,유산슬,미세먼지,유진박,김유지,야구 한일전,김세연,SBS
2019-11-19 0:27,Naver,첫눈,눈,민식이법,이상화 부모님집,2019 첫눈,미쓰백,베트남 냐짱,언니네쌀롱,진이한,더 짠내투어
2019-11-19 0:27,Daum,첫눈,찬희,달랏,아이 콘택트,더 짠내투어,민식이법,최지연,요요미,스트레이트,전인화
2019-11-19 0:42,Google,나이스지키미 신용등급계산기,병무청,뉴발란스,유산슬,미세먼지,유진박,요요미,김유지,야구 한일전,김세연
2019-11-19 0:42,Naver,첫눈,이상화 부모님집,민식이법,눈,2019 첫눈,미쓰백,언니네쌀롱,더 짠내투어,찬희,김유지
2019-11-19 0:42,Daum,아이 콘택트,민식이법,전인화,첫눈,최지연,스트레이트,안소미,요요미,탁현민,달랏
2019-11-19 0:42,Google,나이스지키미 신용등급계산기,병무청,뉴발란스,유산슬,미세먼지,유진박,요요미,김유지,야구 한일전,김세연
2019-11-19 0:42,Naver,첫눈,이상화 부모님집,민식이법,눈,2019 첫눈,미쓰백,언니네쌀롱,더 짠내투어,찬희,김유지
2019-11-19 0:42,Daum,아이 콘택트,민식이법,전인화,첫눈,최지연,스트레이트,안소미,요요미,탁현민,달랏
2019-11-19 0:43,Google,나이스지키미 신용등급계산기,병무청,뉴발란스,유산슬,미세먼지,유진박,요요미,김유지,야구 한일전,김세연
2019-11-19 0:43,Naver,첫눈,이상화 부모님집,민식이법,눈,2019 첫눈,미쓰백,언니네쌀롱,더 짠내투어,찬희,김유지
2019-11-19 0:43,Daum,아이 콘택트,민식이법,전인화,첫눈,최지연,스트레이트,안소미,탁현민,달랏,요요미
2019-11-19 0:44,Google,나이스지키미 신용등급계산기,병무청,뉴발란스,유산슬,미세먼지,유진박,요요미,김유지,야구 한일전,김세연
2019-11-19 0:44,Naver,첫눈,이상화 부모님집,민식이법,눈,2019 첫눈,미쓰백,언니네쌀롱,더 짠내투어,찬희,김유지
2019-11-19 0:44,Daum,아이 콘택트,민식이법,전인화,첫눈,최지연,스트레이트,탁현민,요요미,안소미,달랏
2019-11-19 0:45,Google,나이스지키미 신용등급계산기,병무청,뉴발란스,유산슬,미세먼지,유진박,요요미,김유지,야구 한일전,김세연
2019-11-19 0:45,Naver,첫눈,이상화 부모님집,민식이법,눈,2019 첫눈,미쓰백,언니네쌀롱,더 짠내투어,찬희,김유지
2019-11-19 0:45,Daum,아이 콘택트,민식이법,전인화,첫눈,최지연,스트레이트,요요미,탁현민,안소미,달랏
2019-11-19 0:45,Google,나이스지키미 신용등급계산기,병무청,뉴발란스,유산슬,미세먼지,유진박,요요미,김유지,야구 한일전,김세연
2019-11-19 0:45,Naver,첫눈,이상화 부모님집,민식이법,눈,2019 첫눈,미쓰백,언니네쌀롱,더 짠내투어,찬희,김유지
2019-11-19 0:45,Daum,아이 콘택트,민식이법,전인화,첫눈,최지연,스트레이트,요요미,탁현민,안소미,달랏
2019-11-19 0:46,Google,나이스지키미 신용등급계산기,병무청,뉴발란스,유산슬,미세먼지,유진박,요요미,김유지,야구 한일전,김세연
2019-11-19 0:46,Naver,첫눈,이상화 부모님집,민식이법,눈,2019 첫눈,미쓰백,언니네쌀롱,더 짠내투어,김유지,찬희
2019-11-19 0:46,Daum,아이 콘택트,민식이법,전인화,첫눈,최지연,스트레이트,안소미,요요미,탁현민,달랏
2019-11-19 0:47,Google,나이스지키미 신용등급계산기,병무청,뉴발란스,유산슬,미세먼지,유진박,요요미,김유지,야구 한일전,김세연
2019-11-19 0:47,Naver,첫눈,민식이법,이상화 부모님집,눈,2019 첫눈,미쓰백,언니네쌀롱,더 짠내투어,김유지,더블 크라임
2019-11-19 0:47,Daum,아이 콘택트,민식이법,박민정,첫눈,전인화,스트레이트,탁현민,최지연,요요미,안소미
2019-11-19 0:48,Google,나이스지키미 신용등급계산기,병무청,뉴발란스,유산슬,미세먼지,유진박,요요미,김유지,야구 한일전,김세연
2019-11-19 0:48,Naver,첫눈,민식이법,이상화 부모님집,눈,2019 첫눈,미쓰백,언니네쌀롱,김유지,더 짠내투어,더블 크라임
2019-11-19 0:48,Daum,아이 콘택트,민식이법,박민정,첫눈,전인화,스트레이트,최지연,탁현민,안소미,요요미
2019-11-19 0:48,Google,나이스지키미 신용등급계산기,병무청,뉴발란스,유산슬,미세먼지,유진박,요요미,김유지,야구 한일전,김세연
2019-11-19 0:48,Naver,첫눈,민식이법,이상화 부모님집,눈,2019 첫눈,미쓰백,언니네쌀롱,김유지,더 짠내투어,더블 크라임
2019-11-19 0:48,Daum,아이 콘택트,민식이법,박민정,첫눈,전인화,스트레이트,최지연,탁현민,안소미,요요미
2019-11-19 0:50,Google,나이스지키미 신용등급계산기,병무청,뉴발란스,유산슬,미세먼지,유진박,요요미,김유지,야구 한일전,김세연
2019-11-19 0:50,Naver,첫눈,민식이법,이상화 부모님집,눈,2019 첫눈,미쓰백,언니네쌀롱,김유지,더 짠내투어,더블 크라임
2019-11-19 0:50,Daum,아이 콘택트,민식이법,박민정,첫눈,전인화,스트레이트,탁현민,최지연,요요미,안소미
2019-11-19 0:50,Google,나이스지키미 신용등급계산기,병무청,뉴발란스,유산슬,미세먼지,유진박,요요미,김유지,야구 한일전,김세연
2019-11-19 0:50,Naver,첫눈,민식이법,이상화 부모님집,눈,2019 첫눈,미쓰백,언니네쌀롱,김유지,조현재,더 짠내투어
2019-11-19 0:50,Daum,아이 콘택트,민식이법,박민정,첫눈,전인화,스트레이트,탁현민,최지연,요요미,안소미
2019-11-19 0:51,Google,나이스지키미 신용등급계산기,병무청,뉴발란스,유산슬,미세먼지,유진박,요요미,김유지,야구 한일전,김세연
2019-11-19 0:51,Naver,첫눈,민식이법,이상화 부모님집,눈,2019 첫눈,미쓰백,언니네쌀롱,조현재,김유지,더 짠내투어
2019-11-19 0:51,Daum,아이 콘택트,민식이법,박민정,첫눈,전인화,스트레이트,최지연,요요미,안소미,탁현민
2019-11-19 0:52,Google,나이스지키미 신용등급계산기,병무청,뉴발란스,유산슬,미세먼지,유진박,요요미,김유지,야구 한일전,김세연
2019-11-19 0:52,Naver,첫눈,민식이법,이상화 부모님집,눈,2019 첫눈,미쓰백,조현재,언니네쌀롱,김유지,더 짠내투어
2019-11-19 0:52,Daum,민식이법,아이 콘택트,박민정,첫눈,전인화,스트레이트,안소미,최지연,탁현민,요요미
2019-11-19 0:53,Google,나이스지키미 신용등급계산기,병무청,뉴발란스,유산슬,미세먼지,유진박,요요미,김유지,야구 한일전,김세연
2019-11-19 0:53,Naver,첫눈,민식이법,이상화 부모님집,눈,2019 첫눈,조현재,미쓰백,언니네쌀롱,김유지,더 짠내투어
2019-11-19 0:53,Daum,민식이법,아이 콘택트,박민정,첫눈,전인화,스트레이트,안소미,탁현민,최지연,요요미
2019-11-19 0:54,Google,나이스지키미 신용등급계산기,병무청,뉴발란스,유산슬,미세먼지,유진박,요요미,김유지,야구 한일전,김세연
2019-11-19 0:54,Naver,첫눈,민식이법,이상화 부모님집,눈,2019 첫눈,조현재,미쓰백,언니네쌀롱,김유지,탄생화
2019-11-19 0:54,Daum,민식이법,아이 콘택트,박민정,첫눈,전인화,스트레이트,안소미,탁현민,최지연,요요미
2019-11-19 0:55,Google,나이스지키미 신용등급계산기,병무청,뉴발란스,유산슬,미세먼지,유진박,요요미,김유지,야구 한일전,김세연
2019-11-19 0:55,Naver,첫눈,민식이법,이상화 부모님집,눈,2019 첫눈,조현재,미쓰백,언니네쌀롱,김유지,더블 크라임
2019-11-19 0:55,Daum,민식이법,아이 콘택트,박민정,첫눈,전인화,스트레이트,탁현민,안소미,최지연,요요미
2019-11-19 0:56,Google,나이스지키미 신용등급계산기,병무청,뉴발란스,유산슬,미세먼지,유진박,요요미,김유지,야구 한일전,김세연
2019-11-19 0:56,Naver,첫눈,민식이법,이상화 부모님집,눈,2019 첫눈,조현재,미쓰백,언니네쌀롱,프리즌,김유지
2019-11-19 0:56,Daum,민식이법,아이 콘택트,박민정,첫눈,전인화,스트레이트,탁현민,최지연,안소미,요요미
2019-11-19 0:57,Google,나이스지키미 신용등급계산기,병무청,뉴발란스,유산슬,미세먼지,유진박,요요미,김유지,야구 한일전,김세연
2019-11-19 0:57,Naver,첫눈,민식이법,이상화 부모님집,눈,2019 첫눈,조현재,미쓰백,언니네쌀롱,프리즌,김유지
2019-11-19 0:57,Daum,민식이법,아이 콘택트,첫눈,박민정,최지연,스트레이트,탁현민,안소미,전인화,정혜영
2019-11-19 0:58,Google,나이스지키미 신용등급계산기,병무청,뉴발란스,유산슬,미세먼지,유진박,요요미,김유지,야구 한일전,김세연
2019-11-19 0:58,Naver,첫눈,민식이법,이상화 부모님집,눈,2019 첫눈,조현재,미쓰백,언니네쌀롱,프리즌,탄생화
2019-11-19 0:58,Daum,민식이법,아이 콘택트,첫눈,박민정,최지연,스트레이트,안소미,전인화,탁현민,정혜영
2019-11-19 0:59,Google,나이스지키미 신용등급계산기,병무청,뉴발란스,유산슬,미세먼지,유진박,요요미,김유지,야구 한일전,김세연
2019-11-19 0:59,Naver,첫눈,민식이법,이상화 부모님집,눈,2019 첫눈,조현재,미쓰백,언니네쌀롱,프리즌,탄생화
2019-11-19 0:59,Daum,민식이법,아이 콘택트,첫눈,박민정,최지연,스트레이트,탁현민,안소미,전인화,정혜영
2019-11-19 1:0,Google,나이스지키미 신용등급계산기,병무청,뉴발란스,유산슬,미세먼지,유진박,요요미,김유지,야구 한일전,김세연
2019-11-19 1:0,Naver,첫눈,민식이법,이상화 부모님집,눈,2019 첫눈,조현재,미쓰백,언니네쌀롱,프리즌,탄생화
2019-11-19 1:0,Daum,민식이법,아이 콘택트,첫눈,박민정,최지연,스트레이트,탁현민,전인화,안소미,정혜영
2019-11-19 1:1,Google,나이스지키미 신용등급계산기,병무청,뉴발란스,유산슬,미세먼지,유진박,요요미,김유지,야구 한일전,김세연
2019-11-19 1:1,Naver,첫눈,민식이법,이상화 부모님집,눈,2019 첫눈,조현재,프리즌,언니네쌀롱,미쓰백,더 큐어
2019-11-19 1:1,Daum,민식이법,아이 콘택트,첫눈,박민정,최지연,스트레이트,전인화,안소미,탁현민,정혜영
2019-11-19 1:2,Google,나이스지키미 신용등급계산기,병무청,뉴발란스,유산슬,미세먼지,유진박,요요미,김유지,야구 한일전,김세연
2019-11-19 1:2,Naver,첫눈,민식이법,이상화 부모님집,눈,2019 첫눈,조현재,프리즌,더 큐어,언니네쌀롱,미쓰백
2019-11-19 1:2,Daum,민식이법,아이 콘택트,첫눈,스트레이트,안소미,탁현민,전인화,박민정,백지영,국민과의 대화
2019-11-19 1:3,Google,나이스지키미 신용등급계산기,병무청,뉴발란스,유산슬,미세먼지,유진박,요요미,김유지,야구 한일전,김세연
2019-11-19 1:3,Naver,첫눈,민식이법,이상화 부모님집,눈,2019 첫눈,조현재,더 큐어,프리즌,언니네쌀롱,미쓰백
2019-11-19 1:3,Daum,민식이법,아이 콘택트,첫눈,스트레이트,안소미,탁현민,전인화,박민정,백지영,국민과의 대화
2019-11-19 1:4,Google,나이스지키미 신용등급계산기,병무청,뉴발란스,유산슬,미세먼지,유진박,요요미,김유지,야구 한일전,김세연
2019-11-19 1:4,Naver,첫눈,민식이법,이상화 부모님집,눈,2019 첫눈,조현재,더 큐어,프리즌,언니네쌀롱,탄생화
2019-11-19 1:4,Daum,민식이법,아이 콘택트,첫눈,스트레이트,안소미,탁현민,전인화,박민정,백지영,국민과의 대화
2019-11-19 1:5,Google,나이스지키미 신용등급계산기,병무청,뉴발란스,유산슬,미세먼지,유진박,요요미,김유지,야구 한일전,김세연
2019-11-19 1:5,Naver,첫눈,민식이법,이상화 부모님집,눈,2019 첫눈,조현재,더 큐어,프리즌,언니네쌀롱,탄생화
2019-11-19 1:5,Daum,민식이법,아이 콘택트,첫눈,스트레이트,안소미,탁현민,박민정,전인화,백지영,국민과의 대화
2019-11-19 1:6,Google,나이스지키미 신용등급계산기,병무청,뉴발란스,유산슬,미세먼지,유진박,요요미,김유지,야구 한일전,김세연
2019-11-19 1:6,Naver,첫눈,민식이법,이상화 부모님집,눈,2019 첫눈,조현재,더 큐어,프리즌,언니네쌀롱,탄생화
2019-11-19 1:6,Daum,민식이법,아이 콘택트,첫눈,스트레이트,안소미,박민정,전인화,탁현민,국민과의 대화,백지영
2019-11-19 1:7,Google,나이스지키미 신용등급계산기,병무청,뉴발란스,유산슬,미세먼지,유진박,요요미,김유지,야구 한일전,김세연
2019-11-19 1:7,Naver,첫눈,민식이법,이상화 부모님집,눈,2019 첫눈,더 큐어,조현재,프리즌,언니네쌀롱,탄생화
2019-11-19 1:7,Daum,민식이법,아이 콘택트,첫눈,스트레이트,탁현민,백지영,안소미,박민정,최지연,전인화
2019-11-19 1:8,Google,나이스지키미 신용등급계산기,병무청,뉴발란스,유산슬,미세먼지,유진박,요요미,김유지,야구 한일전,김세연
2019-11-19 1:8,Naver,첫눈,민식이법,이상화 부모님집,눈,2019 첫눈,더 큐어,조현재,프리즌,언니네쌀롱,탄생화
2019-11-19 1:8,Daum,민식이법,아이 콘택트,첫눈,스트레이트,탁현민,백지영,안소미,박민정,전인화,최지연
2019-11-19 1:9,Google,나이스지키미 신용등급계산기,병무청,뉴발란스,유산슬,미세먼지,유진박,요요미,김유지,야구 한일전,김세연
2019-11-19 1:9,Naver,첫눈,민식이법,이상화 부모님집,눈,2019 첫눈,더 큐어,조현재,프리즌,탄생화,언니네쌀롱
2019-11-19 1:9,Daum,민식이법,아이 콘택트,첫눈,스트레이트,탁현민,안소미,백지영,최지연,전인화,박민정
2019-11-19 1:10,Google,나이스지키미 신용등급계산기,병무청,뉴발란스,유산슬,미세먼지,유진박,요요미,김유지,야구 한일전,김세연
2019-11-19 1:10,Naver,첫눈,민식이법,이상화 부모님집,눈,2019 첫눈,더 큐어,조현재,프리즌,탄생화,언니네쌀롱
2019-11-19 1:10,Daum,민식이법,아이 콘택트,첫눈,스트레이트,탁현민,안소미,백지영,전인화,최지연,박민정
2019-11-19 1:11,Google,나이스지키미 신용등급계산기,병무청,뉴발란스,유산슬,미세먼지,유진박,요요미,김유지,야구 한일전,김세연
2019-11-19 1:11,Naver,첫눈,민식이법,눈,이상화 부모님집,더 큐어,2019 첫눈,조현재,프리즌,탄생화,언니네쌀롱
2019-11-19 1:11,Daum,민식이법,아이 콘택트,첫눈,스트레이트,탁현민,안소미,전인화,최지연,박민정,백지영
2019-11-19 1:12,Google,나이스지키미 신용등급계산기,병무청,뉴발란스,유산슬,미세먼지,유진박,요요미,김유지,야구 한일전,김세연
2019-11-19 1:12,Naver,첫눈,민식이법,눈,이상화 부모님집,더 큐어,2019 첫눈,조현재,프리즌,탄생화,언니네쌀롱
2019-11-19 1:12,Daum,민식이법,아이 콘택트,첫눈,스트레이트,탁현민,안소미,백지영,최지연,박민정,전인화
2019-11-19 1:13,Google,나이스지키미 신용등급계산기,병무청,뉴발란스,유산슬,미세먼지,유진박,요요미,김유지,야구 한일전,김세연
2019-11-19 1:13,Naver,첫눈,민식이법,눈,더 큐어,이상화 부모님집,2019 첫눈,조현재,프리즌,탄생화,언니네쌀롱
2019-11-19 1:13,Daum,민식이법,아이 콘택트,첫눈,스트레이트,탁현민,안소미,백지영,최지연,전인화,박민정
2019-11-19 1:14,Google,나이스지키미 신용등급계산기,병무청,뉴발란스,유산슬,미세먼지,유진박,요요미,김유지,야구 한일전,김세연
2019-11-19 1:14,Naver,첫눈,민식이법,더 큐어,눈,이상화 부모님집,2019 첫눈,조현재,프리즌,탄생화,언니네쌀롱
2019-11-19 1:14,Daum,민식이법,아이 콘택트,첫눈,스트레이트,탁현민,안소미,최지연,백지영,전인화,박민정
2019-11-19 1:15,Google,나이스지키미 신용등급계산기,병무청,뉴발란스,유산슬,미세먼지,유진박,요요미,김유지,야구 한일전,김세연
2019-11-19 1:15,Naver,첫눈,민식이법,더 큐어,눈,2019 첫눈,조현재,이상화 부모님집,프리즌,탄생화,언니네쌀롱
2019-11-19 1:15,Daum,민식이법,아이 콘택트,첫눈,스트레이트,탁현민,안소미,최지연,백지영,전인화,박민정
2019-11-19 1:16,Google,나이스지키미 신용등급계산기,병무청,뉴발란스,유산슬,미세먼지,유진박,요요미,김유지,야구 한일전,김세연
2019-11-19 1:16,Naver,첫눈,민식이법,더 큐어,눈,2019 첫눈,조현재,프리즌,이상화 부모님집,탄생화,언니네쌀롱
2019-11-19 1:16,Daum,민식이법,아이 콘택트,첫눈,스트레이트,탁현민,안소미,최지연,백지영,전인화,박민정
2019-11-19 1:17,Google,나이스지키미 신용등급계산기,병무청,뉴발란스,유산슬,미세먼지,유진박,요요미,김유지,야구 한일전,김세연
2019-11-19 1:17,Naver,첫눈,민식이법,더 큐어,눈,2019 첫눈,조현재,프리즌,이상화 부모님집,탄생화,언니네쌀롱
2019-11-19 1:17,Daum,민식이법,아이 콘택트,첫눈,스트레이트,안소미,탁현민,최지연,백지영,요요미,슈퍼모델 선발대회
2019-11-19 1:18,Google,나이스지키미 신용등급계산기,병무청,뉴발란스,유산슬,미세먼지,유진박,요요미,김유지,야구 한일전,김세연
2019-11-19 1:18,Naver,첫눈,민식이법,더 큐어,눈,2019 첫눈,조현재,프리즌,이상화 부모님집,탄생화,박민정
2019-11-19 1:18,Daum,민식이법,아이 콘택트,첫눈,스트레이트,안소미,탁현민,최지연,슈퍼모델 선발대회,요요미,백지영
2019-11-19 1:19,Google,나이스지키미 신용등급계산기,병무청,뉴발란스,유산슬,미세먼지,유진박,요요미,김유지,야구 한일전,김세연
2019-11-19 1:19,Naver,첫눈,민식이법,더 큐어,눈,2019 첫눈,조현재,프리즌,탄생화,이상화 부모님집,박민정
2019-11-19 1:19,Daum,민식이법,아이 콘택트,첫눈,스트레이트,안소미,탁현민,백지영,최지연,요요미,슈퍼모델 선발대회
2019-11-19 1:20,Google,나이스지키미 신용등급계산기,병무청,뉴발란스,유산슬,미세먼지,유진박,요요미,김유지,야구 한일전,김세연
2019-11-19 1:20,Naver,첫눈,민식이법,더 큐어,눈,조현재,2019 첫눈,프리즌,탄생화,이상화 부모님집,박민정
2019-11-19 1:20,Daum,민식이법,아이 콘택트,첫눈,스트레이트,안소미,탁현민,백지영,요요미,최지연,슈퍼모델 선발대회
2019-11-19 1:21,Google,나이스지키미 신용등급계산기,병무청,뉴발란스,유산슬,미세먼지,유진박,요요미,김유지,야구 한일전,김세연
2019-11-19 1:21,Naver,첫눈,민식이법,더 큐어,눈,조현재,2019 첫눈,프리즌,탄생화,박민정,김유지
2019-11-19 1:21,Daum,민식이법,아이 콘택트,첫눈,스트레이트,안소미,탁현민,백지영,요요미,슈퍼모델 선발대회,최지연
2019-11-19 1:22,Google,나이스지키미 신용등급계산기,병무청,뉴발란스,유산슬,미세먼지,유진박,요요미,김유지,야구 한일전,김세연
2019-11-19 1:22,Naver,민식이법,첫눈,더 큐어,눈,조현재,2019 첫눈,프리즌,탄생화,박민정,김유지
2019-11-19 1:22,Daum,민식이법,아이 콘택트,첫눈,스트레이트,최지연,안소미,탁현민,백지영,국민과의 대화,전인화
2019-11-19 1:23,Google,나이스지키미 신용등급계산기,병무청,뉴발란스,유산슬,미세먼지,유진박,요요미,김유지,야구 한일전,김세연
2019-11-19 1:23,Naver,민식이법,첫눈,더 큐어,눈,조현재,2019 첫눈,프리즌,탄생화,박민정,김유지
2019-11-19 1:23,Daum,민식이법,아이 콘택트,첫눈,스트레이트,최지연,탁현민,백지영,안소미,전인화,국민과의 대화
2019-11-19 1:24,Google,나이스지키미 신용등급계산기,병무청,뉴발란스,유산슬,미세먼지,유진박,요요미,김유지,야구 한일전,김세연
2019-11-19 1:24,Naver,민식이법,첫눈,더 큐어,눈,조현재,2019 첫눈,프리즌,박민정,김유지,정준
2019-11-19 1:24,Daum,민식이법,아이 콘택트,첫눈,스트레이트,최지연,탁현민,안소미,백지영,전인화,국민과의 대화
2019-11-19 1:25,Google,나이스지키미 신용등급계산기,병무청,뉴발란스,유산슬,미세먼지,유진박,요요미,김유지,야구 한일전,김세연
2019-11-19 1:25,Naver,민식이법,첫눈,더 큐어,조현재,눈,2019 첫눈,프리즌,박민정,김유지,정준
2019-11-19 1:25,Daum,민식이법,아이 콘택트,첫눈,스트레이트,최지연,탁현민,국민과의 대화,안소미,전인화,백지영
2019-11-19 1:26,Google,나이스지키미 신용등급계산기,병무청,뉴발란스,유산슬,미세먼지,유진박,요요미,김유지,야구 한일전,김세연
2019-11-19 1:26,Naver,민식이법,첫눈,더 큐어,조현재,눈,2019 첫눈,프리즌,박민정,김유지,정준
2019-11-19 1:26,Daum,민식이법,아이 콘택트,첫눈,스트레이트,최지연,안소미,탁현민,백지영,전인화,국민과의 대화
2019-11-19 1:27,Google,나이스지키미 신용등급계산기,병무청,뉴발란스,유산슬,미세먼지,유진박,요요미,김유지,야구 한일전,김세연
2019-11-19 1:27,Naver,민식이법,첫눈,더 큐어,조현재,눈,2019 첫눈,프리즌,박민정,김유지,정준
2019-11-19 1:27,Daum,민식이법,아이 콘택트,첫눈,스트레이트,안소미,탁현민,한국 브라질,최지연,전인화,백지영
2019-11-19 1:28,Google,나이스지키미 신용등급계산기,병무청,뉴발란스,유산슬,미세먼지,유진박,요요미,김유지,야구 한일전,김세연
2019-11-19 1:28,Naver,민식이법,첫눈,더 큐어,조현재,눈,2019 첫눈,프리즌,박민정,김유지,프로골퍼 박민정
2019-11-19 1:28,Daum,민식이법,아이 콘택트,첫눈,스트레이트,안소미,탁현민,최지연,한국 브라질,백지영,전인화
2019-11-19 1:29,Google,나이스지키미 신용등급계산기,병무청,뉴발란스,유산슬,미세먼지,유진박,요요미,김유지,야구 한일전,김세연
2019-11-19 1:29,Naver,민식이법,첫눈,더 큐어,조현재,눈,2019 첫눈,프리즌,박민정,김유지,프로골퍼 박민정
2019-11-19 1:29,Daum,민식이법,아이 콘택트,첫눈,스트레이트,안소미,탁현민,최지연,한국 브라질,백지영,전인화
2019-11-19 1:30,Google,나이스지키미 신용등급계산기,병무청,뉴발란스,유산슬,미세먼지,유진박,요요미,김유지,야구 한일전,김세연
2019-11-19 1:30,Naver,민식이법,첫눈,더 큐어,조현재,눈,2019 첫눈,프리즌,박민정,김유지,아이콘택트
2019-11-19 1:30,Daum,민식이법,아이 콘택트,첫눈,스트레이트,안소미,최지연,탁현민,백지영,한국 브라질,전인화
2019-11-19 1:31,Google,나이스지키미 신용등급계산기,병무청,뉴발란스,유산슬,미세먼지,유진박,요요미,김유지,야구 한일전,김세연
2019-11-19 1:31,Naver,민식이법,첫눈,더 큐어,조현재,눈,2019 첫눈,프리즌,박민정,김유지,아이콘택트
2019-11-19 1:31,Daum,민식이법,아이 콘택트,첫눈,스트레이트,안소미,탁현민,한국 브라질,전인화,최지연,백지영
2019-11-19 1:32,Google,나이스지키미 신용등급계산기,병무청,뉴발란스,유산슬,미세먼지,유진박,요요미,김유지,야구 한일전,김세연
2019-11-19 1:32,Naver,민식이법,첫눈,더 큐어,조현재,눈,2019 첫눈,프리즌,박민정,김유지,아이콘택트
2019-11-19 1:32,Daum,아이 콘택트,민식이법,스트레이트,첫눈,정혜영,최지연,탁현민,국민과의 대화,한국 브라질,요요미
2019-11-19 1:33,Google,나이스지키미 신용등급계산기,병무청,뉴발란스,유산슬,미세먼지,유진박,요요미,김유지,야구 한일전,김세연
2019-11-19 1:33,Naver,민식이법,더 큐어,첫눈,조현재,2019 첫눈,눈,프리즌,박민정,김유지,프로골퍼 박민정
2019-11-19 1:33,Daum,아이 콘택트,민식이법,스트레이트,첫눈,정혜영,탁현민,최지연,요요미,국민과의 대화,한국 브라질
2019-11-19 1:34,Google,나이스지키미 신용등급계산기,병무청,뉴발란스,유산슬,미세먼지,유진박,요요미,김유지,야구 한일전,김세연
2019-11-19 1:34,Naver,민식이법,더 큐어,첫눈,조현재,2019 첫눈,프리즌,눈,박민정,김유지,아이콘택트
2019-11-19 1:34,Daum,아이 콘택트,민식이법,스트레이트,첫눈,정혜영,최지연,탁현민,요요미,국민과의 대화,한국 브라질
2019-11-19 1:35,Google,나이스지키미 신용등급계산기,병무청,뉴발란스,유산슬,미세먼지,유진박,요요미,김유지,야구 한일전,김세연
2019-11-19 1:35,Naver,민식이법,더 큐어,첫눈,조현재,프리즌,2019 첫눈,눈,박민정,김유지,아이콘택트
2019-11-19 1:35,Daum,아이 콘택트,민식이법,스트레이트,첫눈,정혜영,탁현민,최지연,요요미,한국 브라질,국민과의 대화
2019-11-19 1:36,Google,나이스지키미 신용등급계산기,병무청,뉴발란스,유산슬,미세먼지,유진박,요요미,김유지,야구 한일전,김세연
2019-11-19 1:36,Naver,민식이법,더 큐어,첫눈,조현재,프리즌,2019 첫눈,눈,김유지,박민정,아이콘택트
2019-11-19 1:36,Daum,아이 콘택트,민식이법,스트레이트,첫눈,정혜영,탁현민,국민과의 대화,최지연,한국 브라질,요요미
2019-11-19 1:37,Google,나이스지키미 신용등급계산기,병무청,뉴발란스,유산슬,미세먼지,유진박,요요미,김유지,야구 한일전,김세연
2019-11-19 1:37,Naver,민식이법,더 큐어,첫눈,조현재,프리즌,2019 첫눈,눈,김유지,박민정,아이콘택트
2019-11-19 1:37,Daum,민식이법,아이 콘택트,첫눈,스트레이트,탁현민,최지연,정혜영,백지영,국민과의 대화,홍콩 시위
2019-11-19 1:38,Google,나이스지키미 신용등급계산기,병무청,뉴발란스,유산슬,미세먼지,유진박,요요미,김유지,야구 한일전,김세연
2019-11-19 1:38,Naver,민식이법,더 큐어,첫눈,조현재,프리즌,2019 첫눈,눈,김유지,박민정,아이콘택트
2019-11-19 1:38,Daum,민식이법,아이 콘택트,첫눈,스트레이트,탁현민,최지연,정혜영,백지영,홍콩 시위,국민과의 대화
2019-11-19 1:39,Google,나이스지키미 신용등급계산기,병무청,뉴발란스,유산슬,미세먼지,유진박,요요미,김유지,야구 한일전,김세연
2019-11-19 1:39,Naver,민식이법,더 큐어,첫눈,프리즌,조현재,2019 첫눈,눈,김유지,박민정,정준
2019-11-19 1:39,Daum,민식이법,아이 콘택트,첫눈,스트레이트,탁현민,최지연,백지영,정혜영,국민과의 대화,홍콩 시위
2019-11-19 1:49,Google,나이스지키미 신용등급계산기,병무청,뉴발란스,유산슬,미세먼지,유진박,요요미,김유지,야구 한일전,김세연
2019-11-19 1:49,Naver,더 큐어,민식이법,첫눈,프리즌,2019 첫눈,눈,김유지,조현재,정준,아이콘택트
2019-11-19 1:49,Daum,민식이법,스트레이트,아이 콘택트,첫눈,최지연,탁현민,안소미,나경원,백지영,박민정
2019-11-19 2:7,Google,나이스지키미 신용등급계산기,병무청,뉴발란스,유산슬,미세먼지,유진박,요요미,김유지,야구 한일전,김세연
2019-11-19 2:7,Naver,더 큐어,민식이법,첫눈,프리즌,2019 첫눈,눈,김유지,정준,아이콘택트,민식이
2019-11-19 2:7,Daum,민식이법,아이 콘택트,첫눈,스트레이트,탁현민,최지연,안소미,공효진,백지영,요요미
2019-11-19 2:8,Google,나이스지키미 신용등급계산기,병무청,뉴발란스,유산슬,미세먼지,유진박,요요미,김유지,야구 한일전,김세연
2019-11-19 2:8,Naver,더 큐어,민식이법,첫눈,프리즌,2019 첫눈,눈,김유지,정준,아이콘택트,곱창떡볶이
2019-11-19 2:8,Daum,민식이법,아이 콘택트,첫눈,스트레이트,탁현민,최지연,안소미,공효진,백지영,요요미
2019-11-19 9:27,Google,나이스지키미 신용등급계산기,병무청,뉴발란스,유산슬,미세먼지,유진박,요요미,김유지,야구 한일전,김세연
2019-11-19 9:27,Naver,덮는 보일러 바디럽,오퀴즈 아이패드 이벤트,김정렬,프롤린유산균,조정현,남선알미늄,민식이법,구도일패밀리 경품대잔치,첫눈,조진웅
2019-11-19 9:27,Daum,김정렬,조진웅,이낙연,처음학교로,김유지,정준,민식이법,펭수,김학래,스트레이트
2019-11-19 9:28,Google,나이스지키미 신용등급계산기,병무청,뉴발란스,유산슬,미세먼지,유진박,요요미,김유지,야구 한일전,김세연
2019-11-19 9:28,Naver,덮는 보일러 바디럽,오퀴즈 아이패드 이벤트,김정렬,프롤린유산균,조정현,남선알미늄,민식이법,구도일패밀리 경품대잔치,조진웅,김유지
2019-11-19 9:28,Daum,김정렬,조진웅,이낙연,처음학교로,김유지,정준,민식이법,펭수,김학래,스트레이트
2019-11-23 0:55,Google,내일 날씨,지소미아 종료,청룡영화제(2019,Everyday Life,미키정,강지환,엠플레이그라운드,정선아,이정은,겨울왕국2
2019-11-23 0:55,Naver,경수진,양치승 헬스장,이시언,양치승,레디 플레이어 원,이시언 차,강부자,감전의 이해,미키정,기안84
2019-11-23 0:55,Daum,경수진,강부자,양치승,백일섭,감전의 이해,정치합시다,기안84,김나운,이시언,나영석
